Number_Of_Cases,Street_Address,Latitude,Longitude,Cluster_Number,Recent_Cases_In_Cluster,Total_Cases_In_Cluster,Date,Month_Number
1,choa chu kang avenue 2,1.378437,103.743747,1,2,533,140815,8
30,choa chu kang avenue 2 (block 296),1.377421,103.740759,1,2,533,140815,8
25,choa chu kang avenue 2 (block 296a),1.377133,103.740941,1,2,533,140815,8
23,choa chu kang avenue 2 (block 296b),1.376838,103.741413,1,2,533,140815,8
13,choa chu kang avenue 2 (block 296c),1.376565,103.74224,1,2,533,140815,8
4,choa chu kang avenue 2 (block 296d),1.376587,103.742999,1,2,533,140815,8
7,choa chu kang avenue 2 (block 296e),1.3769309,103.743014,1,2,533,140815,8
15,choa chu kang avenue 2 (block 297),1.377095,103.741745,1,2,533,140815,8
1,choa chu kang avenue 2 (block 297a),1.377023,103.742358,1,2,533,140815,8
2,choa chu kang avenue 2 (block 297b),1.377374,103.743124,1,2,533,140815,8
3,choa chu kang avenue 2 (block 297c),1.3777759,103.743031,1,2,533,140815,8
11,choa chu kang avenue 2 (block 297d),1.3781239,103.743004,1,2,533,140815,8
4,choa chu kang avenue 3,1.3806072,103.7420974,1,2,533,140815,8
14,choa chu kang avenue 5 (block 476a),1.376441,103.737799,1,2,533,140815,8
6,choa chu kang avenue 5 (block 476b),1.376441,103.737799,1,2,533,140815,8
10,choa chu kang avenue 5 (block 476c),1.377366,103.7379349,1,2,533,140815,8
17,choa chu kang avenue 5 (block 476d),1.377295,103.738334,1,2,533,140815,8
7,choa chu kang avenue 5 (block 483),1.375841,103.7377209,1,2,533,140815,8
21,choa chu kang avenue 5 (block 484),1.376498,103.7370119,1,2,533,140815,8
6,choa chu kang avenue 5 (block 484a),1.376725,103.736749,1,2,533,140815,8
10,choa chu kang avenue 5 (block 484b),1.376169,103.736114,1,2,533,140815,8
10,choa chu kang avenue 5 (block 484d),1.3752899,103.737099,1,2,533,140815,8
7,choa chu kang avenue 5 (block 485),1.374723,103.737914,1,2,533,140815,8
12,choa chu kang avenue 5 (block 485a),1.374559,103.738117,1,2,533,140815,8
5,choa chu kang avenue 5 (block 485b),1.37422,103.7387,1,2,533,140815,8
12,choa chu kang avenue 5 (block 485c),1.374887,103.73894,1,2,533,140815,8
43,choa chu kang avenue 5 (block 485d),1.375205,103.738902,1,2,533,140815,8
17,choa chu kang avenue 5 (block 486),1.3755949,103.738412,1,2,533,140815,8
187,choa chu kang avenue 5,1.3757617,103.7388229,1,2,533,140815,8
10,keat hong close,1.375962,103.738868,1,2,533,140815,8
10,choa chu kang avenue 2 (block 271),1.3787087,103.7424192,2,3,225,140815,8
6,choa chu kang avenue 2 (block 272),1.378832,103.742982,2,3,225,140815,8
4,choa chu kang avenue 2 (block 273),1.379179,103.743015,2,3,225,140815,8
5,choa chu kang avenue 2 (block 274),1.379378,103.742822,2,3,225,140815,8
1,choa chu kang avenue 2 (block 275),1.379381,103.742354,2,3,225,140815,8
2,choa chu kang avenue 2 (block 276),1.379519,103.744385,2,3,225,140815,8
6,choa chu kang avenue 2 (block 287),1.379322,103.741652,2,3,225,140815,8
13,choa chu kang avenue 2 (block 294),1.3785613,103.7408222,2,3,225,140815,8
10,choa chu kang avenue 2 (block 295),1.3782547,103.7409943,2,3,225,140815,8
3,choa chu kang avenue 3 (block 280),1.380767,103.742842,2,3,225,140815,8
1,choa chu kang avenue 3 (block 281),1.380277,103.74256,2,3,225,140815,8
3,choa chu kang avenue 3 (block 282),1.3800079,103.743111,2,3,225,140815,8
5,choa chu kang avenue 3 (block 283),1.379701,103.742999,2,3,225,140815,8
1,choa chu kang avenue 3 (block 284),1.3797324,103.7420785,2,3,225,140815,8
4,choa chu kang avenue 3 (block 285),1.3800674,103.7417874,2,3,225,140815,8
2,choa chu kang avenue 3 (block 286),1.379639,103.741602,2,3,225,140815,8
3,choa chu kang avenue 3 (block 287),1.3798757,103.7410578,2,3,225,140815,8
2,choa chu kang avenue 3 (block 288),1.378958,103.7408711,2,3,225,140815,8
8,choa chu kang avenue 3 (block 289),1.3793104,103.7406784,2,3,225,140815,8
13,choa chu kang avenue 3 (block 290),1.378832,103.740414,2,3,225,140815,8
12,choa chu kang avenue 3 (block 291),1.378641,103.739747,2,3,225,140815,8
1,choa chu kang avenue 3 (block 292),1.378293,103.739679,2,3,225,140815,8
14,choa chu kang avenue 3 (block 293),1.37811,103.740106,2,3,225,140815,8
4,choa chu kang avenue 3 (block 401),1.379734,103.739655,2,3,225,140815,8
1,choa chu kang avenue 3 (block 402),1.379258,103.739389,2,3,225,140815,8
3,choa chu kang avenue 3 (block 403),1.379508,103.738877,2,3,225,140815,8
2,choa chu kang avenue 3 (block 404),1.380053,103.738744,2,3,225,140815,8
1,choa chu kang avenue 3 (block 405),1.38018,103.739316,2,3,225,140815,8
4,choa chu kang avenue 3 (block 406),1.380349,103.740211,2,3,225,140815,8
3,choa chu kang avenue 3 (block 408),1.379935,103.740501,2,3,225,140815,8
1,choa chu kang avenue 3 (block 409),1.381132,103.741868,2,3,225,140815,8
1,choa chu kang avenue 3 (block 411),1.3810597,103.7412945,2,3,225,140815,8
1,choa chu kang avenue 3 (block 412),1.381818,103.742295,2,3,225,140815,8
11,choa chu kang avenue 3 (block 469),1.377786,103.737351,2,3,225,140815,8
10,choa chu kang avenue 3 (block 470),1.378132,103.73688,2,3,225,140815,8
2,choa chu kang avenue 3 (block 471),1.378585,103.737143,2,3,225,140815,8
4,choa chu kang avenue 3 (block 472),1.379082,103.737788,2,3,225,140815,8
2,choa chu kang avenue 3 (block 473),1.379664,103.737877,2,3,225,140815,8
3,choa chu kang avenue 3 (block 474),1.378523,103.738377,2,3,225,140815,8
1,choa chu kang avenue 4 (block 414),1.38222,103.7421869,2,3,225,140815,8
1,choa chu kang avenue 4 (block 417),1.383055,103.741432,2,3,225,140815,8
1,choa chu kang avenue 4 (block 420),1.3814439,103.741394,2,3,225,140815,8
1,choa chu kang avenue 4 (block 421),1.381821,103.740665,2,3,225,140815,8
2,choa chu kang avenue 4 (block 422),1.382431,103.740867,2,3,225,140815,8
1,choa chu kang avenue 4 (block 423),1.382033,103.740285,2,3,225,140815,8
3,choa chu kang avenue 4 (block 425),1.381167,103.73938,2,3,225,140815,8
1,choa chu kang avenue 4 (block 426),1.380617,103.739205,2,3,225,140815,8
1,choa chu kang avenue 4 (block 427),1.380895,103.739738,2,3,225,140815,8
1,choa chu kang avenue 4 (block 429),1.382847,103.740168,2,3,225,140815,8
1,choa chu kang avenue 4 (block 430),1.383822,103.741111,2,3,225,140815,8
2,choa chu kang avenue 4 (block 431),1.384044,103.74168,2,3,225,140815,8
1,choa chu kang avenue 4 (block 435),1.385081,103.7408559,2,3,225,140815,8
1,choa chu kang avenue 4 (block 440),1.383778,103.739234,2,3,225,140815,8
2,choa chu kang avenue 4 (block 443),1.381298,103.737615,2,3,225,140815,8
1,choa chu kang avenue 4 (block 446),1.38081,103.736643,2,3,225,140815,8
1,choa chu kang avenue 4 (block 447),1.380623,103.737607,2,3,225,140815,8
4,choa chu kang avenue 4 (block 448),1.380312,103.737137,2,3,225,140815,8
3,choa chu kang avenue 4 (block 452),1.3804043,103.7351183,2,3,225,140815,8
1,choa chu kang avenue 4 (block 454),1.37916,103.734757,2,3,225,140815,8
4,choa chu kang avenue 4 (block 458),1.378041,103.736059,2,3,225,140815,8
2,choa chu kang avenue 4 (block 460),1.377909,103.734799,2,3,225,140815,8
1,choa chu kang avenue 4 (block 462),1.37758,103.735082,2,3,225,140815,8
3,choa chu kang avenue 4 (block 463),1.377225,103.735321,2,3,225,140815,8
3,choa chu kang avenue 4 (block 465),1.377314,103.736365,2,3,225,140815,8
10,circuit link,1.3261675,103.8893141,3,27,212,140815,8
8,circuit road (block 37),1.3283032,103.8870762,3,27,212,140815,8
2,circuit road (block 38),1.3279319,103.886171,3,27,212,140815,8
3,circuit road (block 39),1.327478,103.885705,3,27,212,140815,8
4,circuit road (block 40),1.3276793,103.8860794,3,27,212,140815,8
1,circuit road (block 41),1.327157,103.886273,3,27,212,140815,8
5,circuit road (block 42),1.326973,103.886492,3,27,212,140815,8
1,circuit road (block 43),1.326554,103.8855316,3,27,212,140815,8
3,circuit road (block 44),1.3267202,103.8860241,3,27,212,140815,8
1,circuit road (block 45),1.326496,103.8858817,3,27,212,140815,8
4,circuit road (block 46),1.326278,103.8858593,3,27,212,140815,8
5,circuit road (block 47),1.325774,103.885642,3,27,212,140815,8
7,circuit road (block 48),1.325422,103.885575,3,27,212,140815,8
2,circuit road (block 49),1.325142,103.88555,3,27,212,140815,8
9,circuit road (block 50),1.3249406,103.8854866,3,27,212,140815,8
6,circuit road (block 51),1.3245009,103.8855529,3,27,212,140815,8
5,circuit road (block 52),1.3242415,103.8854942,3,27,212,140815,8
1,circuit road (block 54),1.3249072,103.8850576,3,27,212,140815,8
1,circuit road (block 55),1.3248901,103.8850561,3,27,212,140815,8
9,circuit road (block 57),1.3247144,103.8867459,3,27,212,140815,8
5,circuit road (block 58),1.3250507,103.8864807,3,27,212,140815,8
10,circuit road (block 59),1.3253715,103.8872798,3,27,212,140815,8
9,circuit road (block 60),1.3255582,103.8866026,3,27,212,140815,8
14,circuit road (block 61),1.3259021,103.8867935,3,27,212,140815,8
8,circuit road (block 62),1.3262825,103.8871308,3,27,212,140815,8
3,circuit road (block 63),1.3264609,103.886613,3,27,212,140815,8
2,circuit road (block 64),1.326993,103.887178,3,27,212,140815,8
3,circuit road (block 65),1.3275012,103.8871326,3,27,212,140815,8
5,circuit road (block 66),1.3265494,103.8876234,3,27,212,140815,8
5,circuit road (block 67),1.325816,103.887931,3,27,212,140815,8
3,circuit road (block 68),1.325435,103.888052,3,27,212,140815,8
9,circuit road (block 69),1.3250459,103.8874078,3,27,212,140815,8
5,circuit road (block 70),1.325172,103.888017,3,27,212,140815,8
4,circuit road (block 71),1.3248993,103.887954,3,27,212,140815,8
1,circuit road (block 72),1.3246153,103.8879434,3,27,212,140815,8
2,circuit road (block 85),1.322728,103.8857424,3,27,212,140815,8
4,circuit road (block 87),1.3232241,103.8856088,3,27,212,140815,8
1,paya lebar way (block 91),1.322683,103.886683,3,27,212,140815,8
2,paya lebar way (block 93),1.322791,103.8879839,3,27,212,140815,8
1,paya lebar way (block 120),1.3227657,103.8841906,3,27,212,140815,8
1,paya lebar way (block 124),1.323058,103.883598,3,27,212,140815,8
5,pipit road (block 53),1.3240581,103.8866841,3,27,212,140815,8
7,pipit road (block 54),1.3239209,103.8874699,3,27,212,140815,8
4,pipit road (block 55),1.323709,103.888424,3,27,212,140815,8
6,pipit road (block 56),1.3241338,103.888462,3,27,212,140815,8
1,pipit road (block 90),1.3233673,103.886602,3,27,212,140815,8
4,pipit road (block 92),1.323254,103.8872954,3,27,212,140815,8
1,pipit road (block 94),1.3233466,103.8886051,3,27,212,140815,8
1,court road,1.3696912,103.8679574,4,6,77,140815,8
1,cowdray avenue,1.3680896,103.8641538,4,6,77,140815,8
1,hemsley avenue,1.369544,103.8650603,4,6,77,140815,8
1,huddington avenue,1.367706,103.865181,4,6,77,140815,8
12,hythe road,1.368174,103.867378,4,6,77,140815,8
2,jalan chulek,1.3663067,103.8678814,4,6,77,140815,8
17,kensington park drive,1.367675,103.86834,4,6,77,140815,8
12,kensington park road,1.3670313,103.8664946,4,6,77,140815,8
1,maju avenue,1.364628,103.865529,4,6,77,140815,8
1,serangoon north avenue 1 (block 101),1.3710446,103.8702609,4,6,77,140815,8
1,serangoon north avenue 1 (block 104),1.370662,103.870918,4,6,77,140815,8
1,serangoon north avenue 1 (block 108),1.3699247,103.8709335,4,6,77,140815,8
1,serangoon north avenue 1 (block 111),1.369162,103.870437,4,6,77,140815,8
1,serangoon north avenue 1 (block 114),1.3688288,103.8713082,4,6,77,140815,8
1,serangoon north avenue 1 (block 116),1.3685007,103.871396,4,6,77,140815,8
1,serangoon north avenue 1 (block 120),1.3671612,103.8709081,4,6,77,140815,8
1,serangoon north avenue 1 (block 123),1.3668347,103.8720707,4,6,77,140815,8
1,serangoon north avenue 1 (block 125),1.3665524,103.8721579,4,6,77,140815,8
1,serangoon north avenue 1 (block 126),1.366023,103.871635,4,6,77,140815,8
2,serangoon north avenue 1 (block 142),1.367403,103.873946,4,6,77,140815,8
1,serangoon north avenue 1 (block 146),1.368218,103.8727457,4,6,77,140815,8
1,serangoon north avenue 1 (block 147),1.3685207,103.8725429,4,6,77,140815,8
1,serangoon north avenue 1 (block 153),1.3699889,103.8725304,4,6,77,140815,8
1,walmer drive,1.3653387,103.8691882,4,6,77,140815,8
13,worthing road,1.3682261,103.8679385,4,6,77,140815,8
1,happy avenue central,1.3304478,103.8808747,5,5,65,140815,8
1,happy avenue east,1.3303127,103.8815076,5,5,65,140815,8
3,happy avenue north,1.3311019,103.8810221,5,5,65,140815,8
18,jalan anggerek,1.3299509,103.8821499,5,5,65,140815,8
3,jalan belangkas,1.3305947,103.8836374,5,5,65,140815,8
9,jalan chengkek,1.3296604,103.8843714,5,5,65,140815,8
2,jalan jermin,1.3306975,103.8829031,5,5,65,140815,8
3,jalan mawar,1.3314265,103.8837472,5,5,65,140815,8
2,jalan melati,1.3292534,103.8824066,5,5,65,140815,8
4,jalan melor,1.331845,103.8846481,5,5,65,140815,8
1,macpherson lane (block 82),1.332396,103.885867,5,5,65,140815,8
18,macpherson road,1.331082,103.8785853,5,5,65,140815,8
1,ah soo garden,1.3503172,103.8839564,6,1,58,140815,8
25,jalan kelichap,1.346903,103.881367,6,1,58,140815,8
9,jalan lokam,1.3463009,103.8835893,6,1,58,140815,8
14,paya lebar crescent,1.347344,103.882443,6,1,58,140815,8
2,paya lebar place,1.349315,103.881496,6,1,58,140815,8
2,paya lebar walk,1.348649,103.88103,6,1,58,140815,8
4,tai keng gardens,1.3472032,103.8849541,6,1,58,140815,8
1,upper paya lebar road,1.3433729,103.8827464,6,1,58,140815,8
16,boscombe road,1.305677,103.8949444,7,5,53,140815,8
2,branksome road,1.3035103,103.8903622,7,5,53,140815,8
11,crescent road,1.303771,103.893151,7,5,53,140815,8
3,goodman road,1.3044029,103.8902537,7,5,53,140815,8
6,parkstone road,1.3065899,103.8948737,7,5,53,140815,8
2,poole road,1.3071658,103.8929008,7,5,53,140815,8
3,swanage road,1.3084465,103.8939903,7,5,53,140815,8
6,tanjong katong road,1.3071727,103.8955493,7,5,53,140815,8
4,wareham road,1.3078121,103.892854,7,5,53,140815,8
1,kaki bukit avenue 1,1.33497,103.907873,8,7,38,140815,8
21,kaki bukit industrial terrace,1.3357978,103.9021495,8,7,38,140815,8
6,kaki bukit road 1,1.3342373,103.9023303,8,7,38,140815,8
3,kaki bukit road 3,1.3367835,103.9040443,8,7,38,140815,8
7,kaki bukit place,1.333914,103.9034445,8,7,38,140815,8
3,balam road (block 19),1.331402,103.887461,9,6,37,140815,8
1,balam road (block 20),1.330886,103.8874979,9,6,37,140815,8
6,balam road (block 22),1.330142,103.88773,9,6,37,140815,8
2,balam road (block 23),1.3309822,103.8867621,9,6,37,140815,8
4,balam road (block 28),1.3306977,103.8866678,9,6,37,140815,8
3,balam road (block 29),1.330088,103.88705,9,6,37,140815,8
3,balam road (block 30),1.329614,103.887126,9,6,37,140815,8
7,balam road (block 31),1.3297418,103.8858016,9,6,37,140815,8
1,balam road (block 32),1.3294404,103.8865668,9,6,37,140815,8
3,balam road (block 33),1.3299162,103.8860464,9,6,37,140815,8
1,circuit road,1.3257211,103.8851545,9,6,37,140815,8
1,circuit road (block 34),1.329061,103.887484,9,6,37,140815,8
2,paya lebar road,1.324012,103.8908344,9,6,37,140815,8
8,college avenue east,1.3072977,103.7735832,10,13,29,140815,8
21,college avenue west,1.308795,103.7727252,10,13,29,140815,8
4,bukit batok east avenue 2,1.3513338,103.7566104,11,1,25,140815,8
10,bukit batok east avenue 5,1.3530835,103.7550025,11,1,25,140815,8
5,hillview crescent,1.3540974,103.7592529,11,1,25,140815,8
6,hillview terrace,1.3534133,103.7585055,11,1,25,140815,8
23,upper bukit timah road,1.3577633,103.7680114,12,5,23,140815,8
1,dido street,1.3210625,103.925834,13,3,21,140815,8
11,jalan bangsawan,1.3206582,103.9235699,13,3,21,140815,8
1,jalan bintang tiga,1.3221089,103.9253534,13,3,21,140815,8
2,metropole drive,1.3215861,103.9255817,13,3,21,140815,8
3,swan lake avenue,1.3205764,103.9246779,13,3,21,140815,8
3,terang bulan avenue,1.3217871,103.9224923,13,3,21,140815,8
1,choa chu kang crescent (block 656),1.4001857,103.7503828,14,5,18,140815,8
1,choa chu kang crescent (block 660),1.401267,103.749749,14,5,18,140815,8
1,choa chu kang crescent (block 667),1.4022989,103.7492702,14,5,18,140815,8
1,choa chu kang street 64 (block 640),1.397901,103.7495409,14,5,18,140815,8
2,choa chu kang street 64 (block 642),1.398367,103.749059,14,5,18,140815,8
12,choa chu kang street 64,1.3977324,103.7501007,14,5,18,140815,8
9,haig road,1.3095036,103.8977451,15,1,17,140815,8
8,seraya lane,1.3070263,103.9002295,15,1,17,140815,8
1,ubi avenue 1 (block 314),1.3293799,103.9035912,16,3,14,140815,8
2,ubi avenue 1 (block 316),1.329194,103.902427,16,3,14,140815,8
1,ubi avenue 1 (block 318),1.3300577,103.9032465,16,3,14,140815,8
2,ubi avenue 1 (block 320),1.328732,103.904145,16,3,14,140815,8
4,ubi avenue 1 (block 322),1.32774,103.9045637,16,3,14,140815,8
2,ubi avenue 1 (block 323),1.32808,103.904318,16,3,14,140815,8
1,ubi avenue 1 (block 329),1.327036,103.904734,16,3,14,140815,8
1,ubi avenue 1 (block 333),1.326688,103.902856,16,3,14,140815,8
1,geylang road,1.313431,103.883767,17,3,12,140815,8
1,guillemard road,1.31127,103.8857029,17,3,12,140815,8
8,lorong 32 geylang,1.311914,103.886988,17,3,12,140815,8
2,lorong 34 geylang,1.3132409,103.8878271,17,3,12,140815,8
1,woodlands avenue 6 (block 758),1.446142,103.795342,18,1,11,140815,8
1,woodlands avenue 6 (block 760),1.446983,103.796719,18,1,11,140815,8
3,woodlands avenue 6 (block 762),1.44608,103.796239,18,1,11,140815,8
1,woodlands avenue 6 (block 763),1.4453689,103.795894,18,1,11,140815,8
3,woodlands circle (block 752),1.445309,103.794618,18,1,11,140815,8
2,woodlands circle (block 753),1.445689,103.7943559,18,1,11,140815,8
6,eng kong terrace,1.336579,103.7694869,19,2,10,140815,8
4,lorong kismis,1.337276,103.767875,19,2,10,140815,8
1,hillside drive,1.3577136,103.8773821,20,6,9,140815,8
5,sirat road,1.3576797,103.8762324,20,6,9,140815,8
3,yio chu kang road,1.391191,103.8572159,20,6,9,140815,8
8,kovan road,1.3586534,103.8813679,21,3,9,140815,8
1,lowland road,1.361446,103.883249,21,3,9,140815,8
1,lengkong tiga (block 115),1.3230831,103.9112682,22,3,9,140815,8
5,lorong marzuki,1.3224371,103.9089213,22,3,9,140815,8
3,lorong mydin,1.321216,103.9112849,22,3,9,140815,8
9,ubi avenue 1,1.3264927,103.8990721,23,2,9,140815,8
5,highland road,1.3578622,103.8788124,24,2,8,140815,8
1,jalan sahabat,1.358028,103.879544,24,2,8,140815,8
1,kovan road,1.3586534,103.8813679,24,2,8,140815,8
1,upper serangoon road,1.3576645,103.8825205,24,2,8,140815,8
1,pasir ris street 21 (block 207),1.3665369,103.9622739,25,7,7,140815,8
2,pasir ris street 21 (block 216),1.368974,103.960916,25,7,7,140815,8
2,pasir ris street 21 (block 217),1.369476,103.961,25,7,7,140815,8
1,pasir ris street 21 (block 219),1.369327,103.961705,25,7,7,140815,8
1,pasir ris street 21 (block 252),1.3680699,103.9626849,25,7,7,140815,8
4,tanah merah kechil link,1.3281965,103.9452995,26,2,7,140815,8
3,tanah merah kechil road,1.328321,103.9437672,26,2,7,140815,8
4,butterworth lane,1.3122487,103.8942099,27,4,6,140815,8
1,ipoh lane,1.3117833,103.8955874,27,4,6,140815,8
1,tanjong katong road,1.3071727,103.8955493,27,4,6,140815,8
6,simei street 3,1.3416431,103.9528772,28,5,6,140815,8
1,tampines street 33 (block 358),1.354327,103.960943,29,2,6,140815,8
1,tampines street 34 (block 361),1.356092,103.9623809,29,2,6,140815,8
1,tampines street 34 (block 362),1.3562399,103.9615435,29,2,6,140815,8
2,tampines street 34 (block 363),1.355777,103.960731,29,2,6,140815,8
1,tampines street 34,1.3561383,103.9599123,29,2,6,140815,8
1,ang mo kio avenue 4 (block 254),1.3703801,103.8345568,30,2,5,140815,8
1,ang mo kio avenue 4 (block 256),1.37063,103.8355799,30,2,5,140815,8
1,ang mo kio street 21 (block 253),1.369464,103.834662,30,2,5,140815,8
2,ang mo kio street 21 (block 253a),1.3701044,103.8341615,30,2,5,140815,8
1,chempaka avenue,1.3320058,103.8769681,31,2,5,140815,8
1,jalan gembira,1.332269,103.88058,31,2,5,140815,8
1,lichi avenue,1.3331871,103.876578,31,2,5,140815,8
2,macpherson road,1.331082,103.8785853,31,2,5,140815,8
2,choa chu kang street 51 (block 501),1.389457,103.743051,32,2,5,140815,8
2,choa chu kang street 51 (block 502),1.389082,103.743365,32,2,5,140815,8
1,choa chu kang street 51 (block 503),1.3883319,103.74232,32,2,5,140815,8
4,kampong ampat,1.3344237,103.8830503,33,1,5,140815,8
1,shaw road,1.3359116,103.8841805,33,1,5,140815,8
4,kovan road,1.3586534,103.8813679,34,5,5,140815,8
1,kovan rise,1.3586534,103.8813679,34,5,5,140815,8
1,pasir ris drive 4 (block 479),1.3751605,103.9591419,35,2,5,140815,8
1,pasir ris drive 4 (block 486),1.3743869,103.9603639,35,2,5,140815,8
2,pasir ris drive 6 (block 475),1.3742114,103.95623,35,2,5,140815,8
1,pasir ris drive 6 (block 477),1.3748783,103.9585531,35,2,5,140815,8
5,sungei tengah road,1.3881597,103.731447,36,4,5,140815,8
2,woodlands ring road (block 644),1.436853,103.801474,37,5,5,140815,8
2,woodlands ring road (block 646),1.437529,103.800409,37,5,5,140815,8
1,woodlands ring road (block 650),1.4385805,103.8006995,37,5,5,140815,8
2,ang mo kio avenue 10 (block 416),1.3645799,103.854932,38,2,4,140815,8
2,ang mo kio avenue 10 (block 418),1.364935,103.853958,38,2,4,140815,8
1,ang mo kio avenue 3 (block 120),1.3701754,103.8443359,39,3,4,140815,8
1,ang mo kio avenue 3 (block 122),1.370211,103.843297,39,3,4,140815,8
1,ang mo kio avenue 3 (block 130),1.370334,103.842153,39,3,4,140815,8
1,ang mo kio avenue 6 (block 123),1.3704809,103.8447949,39,3,4,140815,8
3,flora road,1.3597124,103.9658931,40,4,4,140815,8
1,mariam way,1.359259,103.967911,40,4,4,140815,8
2,grace walk,1.3580594,103.8696371,41,4,4,140815,8
2,tai yuan heights,1.3590662,103.8691275,41,4,4,140815,8
1,jurong west avenue 1 (block 441),1.3514268,103.7201318,42,4,4,140815,8
1,jurong west street 41 (block 459),1.350324,103.721143,42,4,4,140815,8
1,jurong west street 41 (block 461),1.349659,103.721052,42,4,4,140815,8
1,jurong west street 41 (block 466),1.349846,103.722913,42,4,4,140815,8
1,serangoon avenue 4 (block 226),1.356886,103.870712,43,2,4,140815,8
2,serangoon avenue 4 (block 228),1.35642,103.870132,43,2,4,140815,8
1,serangoon avenue 4 (block 230),1.3559769,103.869265,43,2,4,140815,8
1,rowell road,1.3085482,103.855095,44,1,3,140815,8
1,serangoon road,1.3161701,103.8588401,44,1,3,140815,8
1,veerasamy road,1.3074416,103.8543252,44,1,3,140815,8
2,bendemeer road (block 43),1.321104,103.865851,45,2,3,140815,8
1,bendemeer road (block 44),1.322123,103.8666329,45,2,3,140815,8
3,canberra drive,1.4444836,103.8273881,46,2,3,140815,8
2,choa chu kang avenue 1 (block 132),1.381074,103.750769,47,1,3,140815,8
1,teck whye lane (block 118),1.379878,103.750539,47,1,3,140815,8
2,choa chu kang avenue 2 (block 248),1.379169,103.746247,48,2,3,140815,8
1,hong san walk,1.3774637,103.745841,48,2,3,140815,8
3,choa chu kang loop,1.3864061,103.7450231,49,2,3,140815,8
1,compassvale walk (block 223d),1.389217,103.897923,50,2,3,140815,8
1,compassvale walk (block 224b),1.388193,103.89796,50,2,3,140815,8
1,compassvale walk (block 225c),1.388546,103.898937,50,2,3,140815,8
1,geylang bahru (block 60),1.3229581,103.8698959,51,3,3,140815,8
1,geylang bahru (block 61),1.322958,103.869896,51,3,3,140815,8
1,geylang bahru (block 68),1.322958,103.869896,51,3,3,140815,8
1,geylang road,1.313431,103.883767,52,3,3,140815,8
1,lorong 25a geylang,1.3151949,103.883079,52,3,3,140815,8
1,lorong 27 geylang,1.315297,103.8837269,52,3,3,140815,8
3,jalan langgar bedok,1.325773,103.950017,53,3,3,140815,8
1,jurong west street 61 (block 624),1.340769,103.69774,54,3,3,140815,8
1,jurong west street 61 (block 641),1.340733,103.696171,54,3,3,140815,8
1,jurong west street 71 (block 704),1.3411339,103.6954006,54,3,3,140815,8
1,lorong 24 geylang,1.3122157,103.8833463,55,2,3,140815,8
1,lorong 26 geylang,1.313615,103.884772,55,2,3,140815,8
1,lorong 28 geylang,1.311471,103.885631,55,2,3,140815,8
3,mattar road,1.3251128,103.882854,56,3,3,140815,8
1,merpati road (block 13),1.3274974,103.8836848,57,3,3,140815,8
1,merpati road (block 14),1.3275542,103.8832127,57,3,3,140815,8
1,merpati road,1.3276533,103.8809864,57,3,3,140815,8
1,rivervale crescent (block 158a),1.38875,103.906885,58,3,3,140815,8
1,rivervale drive (block 144),1.389168,103.90595,58,3,3,140815,8
3,senja road (block 606),1.381349,103.761581,59,2,3,140815,8
2,serangoon central drive (block 256),1.355083,103.871318,60,3,3,140815,8
1,serangoon central drive (block 263),1.354197,103.8719904,60,3,3,140815,8
1,tampines street 41 (block 416),1.35909,103.947239,61,3,3,140815,8
1,tampines street 41 (block 418),1.358232,103.947458,61,3,3,140815,8
1,tampines street 41 (block 426),1.359526,103.947916,61,3,3,140815,8
3,upper serangoon road,1.3576645,103.8825205,62,3,3,140815,8
3,verde place,1.3919905,103.7514622,63,3,3,140815,8
3,woodleigh close,1.3361726,103.8683402,64,3,3,140815,8
1,yishun street 81 (block 867),1.414101,103.8376164,65,3,3,140815,8
1,yishun street 81 (block 872),1.4136315,103.8368002,65,3,3,140815,8
1,yishun street 81 (block 873),1.415016,103.8366719,65,3,3,140815,8
1,canberra road (block 420),1.452561,103.818836,66,1,2,140815,8
1,canberra road (block 423),1.4537119,103.818214,66,1,2,140815,8
1,chai chee drive (block 55),1.3265769,103.919335,67,2,2,140815,8
1,chai chee drive (block 53),1.324714,103.919673,67,2,2,140815,8
2,chestnut avenue,1.370817,103.77682,68,2,2,140815,8
1,compassvale link (block 269b),1.383666,103.895533,69,1,2,140815,8
1,compassvale link (block 275c),1.383236,103.89396,69,1,2,140815,8
1,corporation road,1.338061,103.717015,70,2,2,140815,8
1,jurong west street 52 (block 518),1.3451381,103.7179679,70,2,2,140815,8
2,hume avenue,1.3570403,103.767339,71,1,2,140815,8
1,jalan rajah (block 104),1.328009,103.853277,72,1,2,140815,8
1,jalan rajah (block 106),1.3284328,103.8545972,72,1,2,140815,8
2,lorong 15 geylang,1.3128419,103.8783531,73,2,2,140815,8
2,loyang rise,1.363207,103.964798,74,2,2,140815,8
1,pasir ris drive 3 (block 630),1.3784496,103.9407442,75,2,2,140815,8
1,pasir ris drive 3 (block 632),1.3786645,103.9399782,75,2,2,140815,8
1,potong pasir avenue 1 (block 132),1.3342052,103.8655067,76,2,2,140815,8
1,potong pasir avenue 3 (block 134),1.334612,103.866351,76,2,2,140815,8
2,saraca terrace,1.3838344,103.8590252,77,2,2,140815,8
1,sims drive (block 44),1.3164043,103.8771131,78,2,2,140815,8
1,sims drive (block 50),1.316616,103.8784359,78,2,2,140815,8
1,tampines street 71 (block 710),1.35876,103.937685,79,2,2,140815,8
1,tampines street 71 (block 712),1.35901,103.937079,79,2,2,140815,8
2,tanjong rhu road,1.2974236,103.876491,80,2,2,140815,8
1,telok blangah heights (block 59),1.2754997,103.8132409,81,2,2,140815,8
1,telok blangah heights (block 61),1.2757628,103.8117158,81,2,2,140815,8
1,towner road (block 103),1.32073,103.861588,82,2,2,140815,8
1,whampoa west (block 34),1.3204115,103.8637264,82,2,2,140815,8
1,upper boon keng road (block 14a),1.3152254,103.8705195,83,2,2,140815,8
1,upper boon keng road (block 16),1.3155296,103.871519,83,2,2,140815,8
